x,y,location,bluetooch1,bluetooch2,bluetooch3,bluetooch4
0,1,0x1y,-50.635,-85.3106,-89.4031,-93.6228
0,1,0x1y,-49.9026,-85.8733,-84.7605,-89.7805
0,1,0x1y,-47.6885,-87.5628,-81.3501,-96.6787
0,1,0x1y,-44.8442,-78.2301,-80.6111,-88.5808
0,1,0x1y,-45.7209,-15.8964,-49.9866,-92.1209
0,2,0x2y,-56.4083,-80.1966,-88.8678,-95.1835
0,2,0x2y,-61.6676,-53.298,-82.6464,-89.5502
0,2,0x2y,-59.9137,-82.994,-19.1505,-81.1261
0,2,0x2y,-57.2705,-84.715,-80.5743,-49.9705
0,2,0x2y,-57.4978,-77.8709,-92.0352,-85.117
0,3,0x3y,-62.8254,-14.6554,-90.7661,-90.9299
0,3,0x3y,-61.1808,-77.3464,-82.8641,-89.5836
0,3,0x3y,-67.8186,-83.7767,-85.6048,-84.2634
0,3,0x3y,-14.4801,-16.0236,-82.7672,-90.0018
0,3,0x3y,-65.4588,-78.7297,-15.2705,-54.9078
0,4,0x4y,-72.7867,-14.1154,-88.2545,-83.3394
0,4,0x4y,-65.1708,-72.1373,-84.2344,-82.4325
0,4,0x4y,-40.3591,-72.703,-86.8182,-55.9667
0,4,0x4y,-68.6507,-76.6868,-52.2786,-52.0817
0,4,0x4y,-69.415,-79.2211,-89.2456,-86.4506
0,5,0x5y,-72.1894,-75.3848,-87.0854,-94.2689
0,5,0x5y,-71.8828,-76.3931,-93.9878,-16.8664
0,5,0x5y,-74.3183,-70.3566,-80.9491,-85.4083
0,5,0x5y,-75.6143,-13.2033,-16.6229,-91.1278
0,5,0x5y,-72.9725,-70.3131,-86.3755,-54.9745
0,6,0x6y,-77.5606,-67.2218,-91.3438,-54.1694
0,6,0x6y,-74.8549,-68.4528,-48.6378,-91.4577
0,6,0x6y,-74.015,-70.028,-93.151,-80.2462
0,6,0x6y,-70.0364,-71.9253,-89.7643,-80.4047
0,6,0x6y,-75.2821,-42.473,-92.8705,-17.5964
0,7,0x7y,-76.5742,-64.4388,-84.6665,-83.7171
0,7,0x7y,-83.9087,-65.1226,-91.2561,-18.455
0,7,0x7y,-74.7591,-67.0413,-18.14,-84.9742
0,7,0x7y,-15.9593,-38.3025,-90.052,-83.4604
0,7,0x7y,-74.4085,-65.0364,-88.9595,-87.9339
0,8,0x8y,-83.6172,-57.2839,-92.1043,-90.9485
0,8,0x8y,-18.1875,-56.6446,-85.1872,-86.6235
0,8,0x8y,-15.9283,-57.48,-93.1315,-82.9626
0,8,0x8y,-78.1344,-57.4954,-94.8567,-83.1422
0,8,0x8y,-80.803,-61.5593,-51.816,-89.3491
0,9,0x9y,-51.5255,-9.8006,-90.3496,-82.9977
0,9,0x9y,-79.9661,-46.1914,-87.197,-80.9228
0,9,0x9y,-50.6579,-28.3018,-84.7819,-51.3031
0,9,0x9y,-87.2347,-47.9825,-92.5317,-83.5148
0,9,0x9y,-46.5344,-45.9886,-83.9329,-86.6275
1,0,1x0y,-48.0159,-80.8564,-77.5388,-18.3712
1,0,1x0y,-48.519,-78.3159,-87.6047,-86.5721
1,0,1x0y,-44.6053,-19.3572,-16.5518,-88.8214
1,0,1x0y,-44.7169,-89.6252,-81.4793,-84.1639
1,0,1x0y,-47.7642,-80.1709,-76.3286,-93.1637
1,1,1x1y,-54.3834,-82.0137,-81.1379,-89.4207
1,1,1x1y,-53.8869,-18.3118,-47.6174,-89.6075
1,1,1x1y,-52.985,-48.3654,-51.7151,-89.441
1,1,1x1y,-53.9028,-77.6547,-81.3401,-82.0601
1,1,1x1y,-52.5918,-85.2808,-49.6662,-87.3447
1,2,1x2y,-58.3286,-82.0083,-82.4736,-83.3528
1,2,1x2y,-12.3939,-77.3017,-17.5324,-91.5587
1,2,1x2y,-61.09,-78.6163,-83.2809,-86.8647
1,2,1x2y,-60.4268,-46.1365,-48.0325,-86.2368
1,2,1x2y,-58.4252,-74.0513,-81.0412,-88.8448
1,3,1x3y,-65.7438,-77.8679,-83.9224,-52.0828
1,3,1x3y,-71.0472,-74.5854,-51.4523,-90.3463
1,3,1x3y,-63.1669,-82.0281,-81.9084,-51.7858
1,3,1x3y,-65.8305,-42.8606,-78.2332,-90.2491
1,3,1x3y,-39.0379,-78.7623,-90.2355,-85.1936
1,4,1x4y,-71.096,-72.6506,-83.2698,-87.8062
1,4,1x4y,-71.6059,-78.8506,-89.8298,-81.2918
1,4,1x4y,-14.8038,-72.2763,-55.5032,-84.6422
1,4,1x4y,-75.0879,-77.3642,-88.4267,-82.6925
1,4,1x4y,-66.7454,-77.6238,-84.3676,-53.0082
1,5,1x5y,-43.6231,-73.261,-81.9666,-78.83
1,5,1x5y,-69.6579,-76.906,-80.0574,-80.2459
1,5,1x5y,-75.9327,-72.5681,-80.0704,-48.6817
1,5,1x5y,-45.2522,-79.0036,-90.4933,-83.8181
1,5,1x5y,-72.6208,-71.7206,-83.2531,-89.7022
1,6,1x6y,-80.4647,-40.3047,-90.9725,-76.0978
1,6,1x6y,-76.2739,-67.3945,-88.7884,-88.7998
1,6,1x6y,-73.7582,-70.2793,-82.7779,-51.67
1,6,1x6y,-78.7053,-71.2362,-81.7015,-80.355
1,6,1x6y,-73.4635,-71.8077,-90.6166,-83.9902
1,7,1x7y,-74.0139,-68.9888,-91.2357,-81.5407
1,7,1x7y,-47.8999,-65.2834,-89.9404,-82.2661
1,7,1x7y,-74.9192,-65.6313,-50.2265,-88.2035
1,7,1x7y,-73.1012,-65.3658,-82.0159,-86.6721
1,7,1x7y,-79.102,-64.4176,-87.2824,-88.7265
1,8,1x8y,-81.0471,-64.989,-85.8198,-79.8854
1,8,1x8y,-85.5833,-60.2838,-94.0063,-85.567
1,8,1x8y,-77.2197,-58.5703,-86.1724,-78.4778
1,8,1x8y,-78.9562,-60.6361,-92.8561,-84.2182
1,8,1x8y,-17.2256,-60.2469,-93.0068,-18.1556
1,9,1x9y,-84.4571,-10.1906,-85.9229,-80.8604
1,9,1x9y,-83.2044,-55.7625,-94.652,-79.8723
1,9,1x9y,-87.0839,-11.939,-87.7156,-82.4545
1,9,1x9y,-79.8123,-53.8018,-81.6192,-85.8506
1,9,1x9y,-83.9941,-53.7759,-18.6091,-17.5013
2,0,2x0y,-57.7559,-88.45,-16.6587,-83.3797
2,0,2x0y,-55.8303,-88.7688,-83.5782,-89.1509
2,0,2x0y,-61.3492,-16.1914,-78.954,-16.3645
2,0,2x0y,-58.0391,-54.9707,-75.4126,-90.8351
2,0,2x0y,-33.8361,-87.7565,-82.8344,-83.4649
2,1,2x1y,-58.6409,-89.1401,-86.1263,-18.7513
2,1,2x1y,-60.747,-85.9673,-76.3215,-16.8841
2,1,2x1y,-63.6512,-83.9639,-82.3745,-88.8498
2,1,2x1y,-60.7373,-78.8917,-77.0747,-86.0081
2,1,2x1y,-60.2962,-85.6363,-85.5894,-90.1014
2,2,2x2y,-61.8702,-82.3411,-80.3252,-53.3045
2,2,2x2y,-65.6084,-76.3155,-82.2616,-89.6382
2,2,2x2y,-66.5285,-79.4028,-86.8832,-50.1567
2,2,2x2y,-62.609,-16.6695,-80.3789,-90.2269
2,2,2x2y,-62.7484,-86.9955,-82.355,-88.7504
2,3,2x3y,-13.0496,-73.6416,-49.1354,-85.7137
2,3,2x3y,-68.3576,-73.9688,-79.7118,-84.9295
2,3,2x3y,-40.023,-84.5298,-80.3699,-87.2308
2,3,2x3y,-69.5392,-49.6253,-18.3692,-83.1537
2,3,2x3y,-69.5666,-80.2691,-78.3251,-55.0935
2,4,2x4y,-74.7514,-78.0042,-47.5427,-87.6082
2,4,2x4y,-73.5811,-73.2062,-80.979,-18.7952
2,4,2x4y,-71.5214,-76.4827,-51.8323,-90.6039
2,4,2x4y,-73.2334,-77.8208,-52.8111,-82.4341
2,4,2x4y,-73.0021,-15.4187,-53.0349,-88.1998
2,5,2x5y,-77.5404,-77.9859,-84.0204,-83.3565
2,5,2x5y,-76.361,-80.0573,-47.5216,-80.4813
2,5,2x5y,-15.2207,-72.6621,-17.0621,-78.6926
2,5,2x5y,-76.4333,-72.7684,-89.228,-49.6562
2,5,2x5y,-74.6265,-78.0581,-83.3155,-80.491
2,6,2x6y,-79.1796,-67.9573,-79.8385,-17.1198
2,6,2x6y,-79.2157,-71.2988,-84.6964,-85.1567
2,6,2x6y,-71.3887,-68.4713,-88.4867,-82.8987
2,6,2x6y,-76.0191,-69.812,-87.9691,-82.1763
2,6,2x6y,-78.3869,-73.1712,-17.7896,-79.4473
2,7,2x7y,-76.7236,-66.6145,-87.0582,-84.7093
2,7,2x7y,-82.8611,-62.3022,-18.2522,-48.8242
2,7,2x7y,-79.0632,-66.903,-86.9295,-78.0526
2,7,2x7y,-82.6429,-67.3335,-85.7978,-79.703
2,7,2x7y,-81.1055,-65.7468,-89.2024,-82.0181
2,8,2x8y,-77.5446,-38.3686,-88.3145,-78.5367
2,8,2x8y,-15.1322,-39.9478,-80.9246,-48.4628
2,8,2x8y,-84.1112,-66.8606,-86.7233,-46.7002
2,8,2x8y,-82.2013,-62.0597,-81.3393,-79.3987
2,8,2x8y,-79.7279,-69.0745,-89.3095,-79.7059
2,9,2x9y,-84.59,-63.0115,-17.0768,-80.21
2,9,2x9y,-82.4335,-58.726,-81.7485,-16.2914
2,9,2x9y,-79.2427,-36.8513,-82.9852,-13.7622
2,9,2x9y,-88.2305,-60.8437,-83.8147,-78.6861
2,9,2x9y,-47.2578,-59.9264,-85.6251,-84.9583
3,0,3x0y,-63.4141,-81.2314,-77.0231,-80.5574
3,0,3x0y,-12.1708,-88.0144,-77.6483,-91.4745
3,0,3x0y,-61.817,-85.244,-81.4702,-91.4869
3,0,3x0y,-62.7489,-85.5212,-46.7882,-91.1533
3,0,3x0y,-64.7485,-48.722,-75.099,-85.3691
3,1,3x1y,-65.1464,-15.3494,-77.4497,-55.6217
3,1,3x1y,-39.8774,-18.0245,-82.3206,-87.1622
3,1,3x1y,-64.0751,-82.1015,-80.6101,-83.6424
3,1,3x1y,-66.7977,-84.1611,-82.3991,-93.3538
3,1,3x1y,-64.132,-17.5756,-78.7603,-83.7843
3,2,3x2y,-70.689,-77.2214,-76.087,-85.2879
3,2,3x2y,-67.1341,-84.5799,-74.4113,-90.3877
3,2,3x2y,-67.9817,-83.8297,-83.8547,-84.1249
3,2,3x2y,-69.573,-83.4512,-13.7218,-82.4242
3,2,3x2y,-68.1871,-77.9268,-78.5866,-81.5917
3,3,3x3y,-71.7957,-83.1664,-86.5505,-84.9614
3,3,3x3y,-70.8016,-83.8198,-73.7249,-84.9516
3,3,3x3y,-43.65,-81.486,-81.8074,-89.0984
3,3,3x3y,-74.6743,-77.1152,-77.7356,-82.6082
3,3,3x3y,-68.8853,-76.1765,-81.2269,-17.5933
3,4,3x4y,-77.8271,-79.6005,-46.8524,-77.926
3,4,3x4y,-76.1062,-78.1285,-80.5107,-79.6111
3,4,3x4y,-75.8253,-77.351,-84.5947,-81.659
3,4,3x4y,-75.7494,-78.995,-46.574,-45.594
3,4,3x4y,-75.8664,-72.4542,-82.3657,-81.2263
3,5,3x5y,-46.3416,-74.366,-80.1591,-15.5934
3,5,3x5y,-74.0096,-45.3157,-15.3296,-75.9974
3,5,3x5y,-78.5583,-69.8789,-77.661,-86.5402
3,5,3x5y,-73.5035,-73.203,-82.5083,-86.851
3,5,3x5y,-72.2859,-78.5376,-80.5188,-84.9301
3,6,3x6y,-78.362,-71.0944,-86.3618,-85.2654
3,6,3x6y,-76.3112,-70.5082,-16.3472,-82.3593
3,6,3x6y,-81.2279,-71.8336,-91.5209,-79.4913
3,6,3x6y,-77.2633,-44.9872,-82.1363,-76.746
3,6,3x6y,-78.8704,-14.4908,-85.8661,-49.0726
3,7,3x7y,-82.9834,-16.4387,-87.5392,-16.251
3,7,3x7y,-81.4976,-64.9642,-87.032,-78.3634
3,7,3x7y,-77.3875,-68.5084,-84.6114,-74.5117
3,7,3x7y,-77.0012,-72.3931,-83.5619,-75.4688
3,7,3x7y,-76.7332,-69.4573,-83.7326,-81.1822
3,8,3x8y,-84.2883,-67.4015,-54.0955,-82.5223
3,8,3x8y,-88.5702,-41.631,-86.186,-83.8265
3,8,3x8y,-82.7155,-66.6902,-87.9787,-79.3062
3,8,3x8y,-81.8223,-68.2943,-17.0532,-81.3607
3,8,3x8y,-85.2718,-41.3577,-89.5685,-81.739
3,9,3x9y,-81.1136,-65.8849,-90.1677,-85.038
3,9,3x9y,-13.9414,-68.9033,-52.9635,-75.3317
3,9,3x9y,-83.8803,-67.2695,-85.4275,-16.6605
3,9,3x9y,-83.1726,-65.7758,-18.1227,-83.7315
3,9,3x9y,-79.9626,-64.709,-87.6549,-78.2118
4,0,4x0y,-72.404,-86.1724,-76.2517,-85.8724
4,0,4x0y,-70.4971,-54.0643,-72.8163,-85.2906
4,0,4x0y,-13.6326,-84.9318,-70.4474,-48.2802
4,0,4x0y,-68.2394,-90.8462,-72.3806,-18.1355
4,0,4x0y,-68.1223,-16.1783,-80.566,-85.9038
4,1,4x1y,-68.7163,-90.5554,-75.0737,-85.7109
4,1,4x1y,-67.1632,-80.187,-72.5266,-89.2704
4,1,4x1y,-70.3071,-16.0361,-71.6979,-85.9984
4,1,4x1y,-70.1158,-86.7726,-47.1154,-87.9367
4,1,4x1y,-66.8691,-81.845,-76.3177,-19.9992
4,2,4x2y,-71.2742,-51.0666,-79.7909,-91.4958
4,2,4x2y,-70.3039,-90.603,-77.3117,-17.2261
4,2,4x2y,-71.9995,-83.1555,-76.7261,-89.2123
4,2,4x2y,-73.7691,-79.0284,-75.1704,-79.3385
4,2,4x2y,-76.2253,-79.8344,-73.1413,-80.7685
4,3,4x3y,-45.2592,-83.3411,-79.5775,-80.8734
4,3,4x3y,-74.4792,-81.7286,-76.0257,-77.5922
4,3,4x3y,-74.0955,-79.5076,-83.127,-84.2779
4,3,4x3y,-71.5272,-76.0023,-15.1159,-85.4257
4,3,4x3y,-71.6311,-79.0351,-78.6029,-84.5503
4,4,4x4y,-15.538,-16.2233,-75.1404,-87.0919
4,4,4x4y,-74.1285,-77.019,-77.1522,-83.3483
4,4,4x4y,-73.4499,-74.681,-82.8585,-81.1324
4,4,4x4y,-77.2306,-17.2708,-80.8076,-81.6749
4,4,4x4y,-72.2518,-79.0378,-78.0375,-82.1581
4,5,4x5y,-78.4403,-49.6931,-83.2585,-80.0154
4,5,4x5y,-16.2068,-80.1927,-76.4504,-50.9468
4,5,4x5y,-74.5289,-81.4517,-15.747,-78.5228
4,5,4x5y,-83.1273,-76.3823,-77.6281,-82.6102
4,5,4x5y,-71.5263,-77.0669,-80.8831,-82.4133
4,6,4x6y,-15.5283,-44.7739,-14.3276,-78.6867
4,6,4x6y,-78.9418,-71.4202,-49.8678,-80.1779
4,6,4x6y,-77.5049,-74.4305,-47.152,-80.1723
4,6,4x6y,-79.3895,-74.7358,-83.0873,-76.5717
4,6,4x6y,-15.1872,-69.7908,-80.693,-79.2321
4,7,4x7y,-77.437,-72.6215,-16.762,-75.9503
4,7,4x7y,-77.3957,-76.4972,-88.129,-76.7274
4,7,4x7y,-81.7093,-74.3514,-54.3646,-75.7724
4,7,4x7y,-84.1383,-76.4087,-85.8841,-73.5863
4,7,4x7y,-80.5757,-71.7902,-88.1472,-81.1003
4,8,4x8y,-89.0082,-69.8147,-90.1007,-74.7829
4,8,4x8y,-82.1224,-68.7747,-79.6968,-45.0948
4,8,4x8y,-83.3001,-71.954,-89.3327,-80.8526
4,8,4x8y,-48.1767,-73.6755,-85.1989,-77.4588
4,8,4x8y,-87.3099,-40.0695,-83.2502,-77.3937
4,9,4x9y,-82.3767,-70.3478,-84.316,-15.6618
4,9,4x9y,-18.434,-70.5952,-88.6386,-74.1112
4,9,4x9y,-80.3208,-72.9709,-87.7692,-14.9616
4,9,4x9y,-81.5897,-70.2917,-88.2334,-44.7592
4,9,4x9y,-91.5864,-71.3495,-84.6832,-78.6089
5,0,5x0y,-43.0587,-83.2786,-71.7266,-84.3007
5,0,5x0y,-73.9061,-17.2821,-45.0888,-84.1917
5,0,5x0y,-76.6664,-86.0663,-70.4897,-16.1102
5,0,5x0y,-73.9963,-87.6649,-71.7707,-86.4909
5,0,5x0y,-74.1859,-90.1187,-73.3697,-84.0813
5,1,5x1y,-72.1625,-85.316,-74.365,-84.771
5,1,5x1y,-78.1203,-89.0373,-76.4074,-19.2915
5,1,5x1y,-77.9573,-82.1763,-73.4706,-82.873
5,1,5x1y,-78.7751,-17.6973,-74.841,-80.7442
5,1,5x1y,-74.5262,-84.3476,-41.8466,-50.0584
5,2,5x2y,-14.9054,-77.0894,-14.7602,-82.2184
5,2,5x2y,-76.4252,-81.6466,-70.4721,-49.3752
5,2,5x2y,-72.0765,-88.8016,-42.2483,-83.412
5,2,5x2y,-71.0179,-77.3997,-73.8256,-81.3491
5,2,5x2y,-74.5274,-47.8059,-72.4223,-81.6896
5,3,5x3y,-71.5821,-81.8934,-76.938,-85.9695
5,3,5x3y,-43.5262,-84.3505,-15.5975,-16.1195
5,3,5x3y,-73.028,-85.2694,-43.6938,-84.0824
5,3,5x3y,-15.4812,-74.9643,-42.7288,-78.3468
5,3,5x3y,-77.274,-81.9666,-71.6662,-79.6184
5,4,5x4y,-76.5305,-79.5107,-80.3239,-76.2911
5,4,5x4y,-77.9337,-15.4122,-14.7737,-84.941
5,4,5x4y,-76.3718,-85.466,-42.3849,-79.6138
5,4,5x4y,-75.4992,-80.8721,-49.5185,-85.384
5,4,5x4y,-77.6023,-78.0051,-75.6675,-47.7363
5,5,5x5y,-83.8563,-80.2772,-78.8901,-17.4965
5,5,5x5y,-78.8783,-75.5695,-79.6292,-73.387
5,5,5x5y,-75.9696,-79.5931,-80.0222,-80.7332
5,5,5x5y,-79.8511,-17.355,-78.8398,-79.6001
5,5,5x5y,-81.583,-79.1626,-76.3901,-76.9583
5,6,5x6y,-83.9445,-16.2887,-79.8927,-80.1562
5,6,5x6y,-82.0038,-79.1203,-78.0115,-78.4368
5,6,5x6y,-47.2113,-73.6814,-80.1166,-78.6502
5,6,5x6y,-82.0717,-75.1483,-81.0362,-43.1447
5,6,5x6y,-81.7499,-81.7373,-83.3824,-74.1874
5,7,5x7y,-45.6518,-15.1872,-52.3408,-78.0193
5,7,5x7y,-80.1433,-77.7601,-86.7903,-45.1426
5,7,5x7y,-52.4955,-76.3227,-81.7578,-74.4798
5,7,5x7y,-82.2902,-78.4388,-77.0989,-73.4392
5,7,5x7y,-82.5464,-75.0007,-84.8681,-73.7075
5,8,5x8y,-87.933,-72.6515,-85.8889,-74.6563
5,8,5x8y,-48.6719,-76.9112,-88.9003,-79.1754
5,8,5x8y,-79.0017,-15.0952,-80.4509,-43.2842
5,8,5x8y,-84.35,-73.663,-79.9007,-79.2013
5,8,5x8y,-86.4753,-76.2879,-84.9075,-77.2989
5,9,5x9y,-16.4219,-75.5738,-54.2839,-78.4378
5,9,5x9y,-85.0566,-71.1534,-85.1689,-14.7739
5,9,5x9y,-90.3242,-76.0766,-86.7816,-72.1022
5,9,5x9y,-83.5101,-69.3193,-82.6348,-71.5946
5,9,5x9y,-89.7274,-74.07,-16.615,-13.9295
6,0,6x0y,-77.4116,-88.1176,-13.1429,-82.4451
6,0,6x0y,-71.0939,-18.1423,-69.2189,-85.8601
6,0,6x0y,-74.6253,-83.2601,-42.6542,-88.7196
6,0,6x0y,-78.9405,-15.6465,-70.768,-87.1834
6,0,6x0y,-47.1848,-52.536,-71.2726,-83.9938
6,1,6x1y,-76.4895,-51.0016,-72.6469,-86.7418
6,1,6x1y,-74.9308,-84.5665,-73.0972,-17.6112
6,1,6x1y,-76.7452,-84.064,-65.5545,-80.7491
6,1,6x1y,-76.6838,-51.022,-71.5644,-83.525
6,1,6x1y,-75.5546,-52.962,-66.67,-87.9189
6,2,6x2y,-15.3934,-88.0872,-69.341,-82.7453
6,2,6x2y,-76.6559,-82.4419,-72.812,-84.0113
6,2,6x2y,-76.9512,-78.7484,-73.738,-83.6913
6,2,6x2y,-77.8128,-78.6784,-72.25,-80.5012
6,2,6x2y,-46.6061,-79.8637,-74.5434,-79.6862
6,3,6x3y,-77.1003,-82.5048,-74.6083,-80.4099
6,3,6x3y,-79.2525,-88.6507,-68.9285,-82.9233
6,3,6x3y,-78.9296,-84.1267,-70.3149,-75.6367
6,3,6x3y,-78.5466,-81.3974,-14.4821,-77.7424
6,3,6x3y,-45.6308,-81.7654,-74.5321,-82.3925
6,4,6x4y,-72.8361,-50.667,-74.1784,-80.0693
6,4,6x4y,-84.3457,-79.2921,-73.8263,-79.9366
6,4,6x4y,-79.928,-79.9384,-71.5699,-82.8548
6,4,6x4y,-82.0949,-17.1338,-73.41,-82.1764
6,4,6x4y,-79.5901,-82.8349,-73.3347,-76.7357
6,5,6x5y,-83.7876,-79.9985,-76.1519,-75.8414
6,5,6x5y,-83.3348,-81.4758,-77.5234,-15.5479
6,5,6x5y,-76.7829,-79.7367,-76.4247,-43.8135
6,5,6x5y,-78.7668,-80.9327,-74.7688,-46.2394
6,5,6x5y,-48.0444,-75.9432,-74.4903,-79.0181
6,6,6x6y,-77.3634,-79.1524,-78.8187,-71.6405
6,6,6x6y,-80.0284,-16.0352,-82.8448,-74.9317
6,6,6x6y,-48.2867,-81.3634,-77.6688,-14.114
6,6,6x6y,-83.0895,-15.3981,-82.0507,-15.747
6,6,6x6y,-81.9909,-81.1733,-80.4211,-77.6469
6,7,6x7y,-87.1461,-79.3139,-81.869,-71.5623
6,7,6x7y,-79.0925,-80.9472,-84.3634,-74.8005
6,7,6x7y,-81.2488,-77.6961,-77.4722,-68.99
6,7,6x7y,-81.7311,-74.3134,-15.487,-76.6924
6,7,6x7y,-84.6564,-80.6304,-80.8552,-67.5216
6,8,6x8y,-83.8639,-76.4195,-79.7288,-70.8397
6,8,6x8y,-88.0015,-76.6083,-86.0318,-44.3974
6,8,6x8y,-88.466,-75.441,-78.1998,-69.1912
6,8,6x8y,-81.5778,-72.4311,-14.6234,-69.6491
6,8,6x8y,-88.4961,-12.8165,-78.2571,-68.4084
6,9,6x9y,-16.2387,-75.6853,-89.1767,-69.0278
6,9,6x9y,-83.473,-45.7093,-87.1688,-68.9628
6,9,6x9y,-88.6613,-16.8424,-86.3413,-14.7943
6,9,6x9y,-78.8132,-75.4373,-87.7129,-71.5949
6,9,6x9y,-87.2134,-77.1147,-81.508,-72.5371
7,0,7x0y,-80.0888,-52.3308,-66.5999,-83.6152
7,0,7x0y,-79.7593,-88.791,-67.1543,-85.0988
7,0,7x0y,-79.4571,-92.6756,-63.1233,-51.7596
7,0,7x0y,-75.002,-87.1554,-36.2515,-87.9696
7,0,7x0y,-81.3792,-84.553,-65.2774,-84.8965
7,1,7x1y,-75.8174,-82.9229,-39.0498,-78.4435
7,1,7x1y,-74.1022,-83.7466,-66.1468,-48.8294
7,1,7x1y,-81.8643,-81.0451,-66.6082,-81.7375
7,1,7x1y,-79.683,-91.2724,-38.5087,-82.6776
7,1,7x1y,-77.2651,-84.8896,-64.2887,-83.126
7,2,7x2y,-47.5872,-84.7784,-67.7251,-82.4516
7,2,7x2y,-81.7653,-87.3386,-67.2849,-80.0153
7,2,7x2y,-81.8307,-50.0032,-68.4237,-84.6685
7,2,7x2y,-15.5033,-87.0766,-67.2062,-15.2648
7,2,7x2y,-79.1479,-81.8345,-68.6861,-88.949
7,3,7x3y,-78.3046,-81.5172,-70.613,-82.9262
7,3,7x3y,-79.9973,-89.2736,-66.9003,-79.5182
7,3,7x3y,-78.0438,-52.3561,-13.5002,-85.7378
7,3,7x3y,-80.9679,-88.1835,-75.4481,-17.7685
7,3,7x3y,-81.5735,-81.0003,-74.7991,-84.307
7,4,7x4y,-80.4387,-82.7415,-43.2809,-15.338
7,4,7x4y,-80.014,-86.1296,-73.7774,-78.2535
7,4,7x4y,-85.7154,-87.2525,-43.6913,-16.4903
7,4,7x4y,-83.4221,-82.6919,-74.5293,-75.6584
7,4,7x4y,-77.7317,-82.4136,-73.5006,-84.7741
7,5,7x5y,-81.899,-81.1994,-75.0059,-70.9727
7,5,7x5y,-76.135,-77.1907,-80.4657,-77.8767
7,5,7x5y,-83.0857,-87.8565,-71.7445,-76.5212
7,5,7x5y,-15.0549,-86.02,-41.1797,-14.5677
7,5,7x5y,-76.312,-82.6497,-80.2486,-46.3984
7,6,7x6y,-16.8136,-77.6413,-74.7151,-71.9697
7,6,7x6y,-84.0909,-84.3558,-77.2493,-74.5181
7,6,7x6y,-79.8574,-16.6036,-82.4772,-75.3364
7,6,7x6y,-81.1888,-83.9006,-76.571,-76.5726
7,6,7x6y,-79.2647,-80.3402,-75.6424,-73.9548
7,7,7x7y,-77.6627,-84.3312,-81.8542,-70.0258
7,7,7x7y,-80.1361,-76.2551,-77.6924,-74.1744
7,7,7x7y,-88.4623,-82.6824,-13.9971,-72.1421
7,7,7x7y,-89.915,-80.1051,-79.6834,-72.5044
7,7,7x7y,-87.2458,-86.4139,-85.0809,-69.3101
7,8,7x8y,-52.5317,-84.7621,-81.6772,-66.8065
7,8,7x8y,-82.9489,-77.6418,-76.7365,-69.5569
7,8,7x8y,-16.647,-78.2643,-77.912,-70.0002
7,8,7x8y,-86.7671,-80.7993,-81.453,-41.8192
7,8,7x8y,-85.3935,-74.1454,-82.1616,-41.9619
7,9,7x9y,-84.6942,-80.4418,-79.073,-65.1224
7,9,7x9y,-88.0589,-74.4681,-85.9975,-13.2075
7,9,7x9y,-85.0657,-83.0229,-80.9956,-37.6139
7,9,7x9y,-84.3857,-82.8987,-82.2859,-63.0989
7,9,7x9y,-86.4153,-77.3403,-80.1482,-65.1264
8,0,8x0y,-79.6812,-84.5102,-34.9753,-91.3761
8,0,8x0y,-17.2787,-83.8375,-57.6487,-87.6513
8,0,8x0y,-78.6447,-93.0453,-57.122,-82.2793
8,0,8x0y,-17.7488,-86.7966,-58.6036,-88.8675
8,0,8x0y,-14.6833,-94.1007,-61.5506,-84.2447
8,1,8x1y,-75.6507,-86.63,-61.8777,-86.6871
8,1,8x1y,-84.8545,-89.3625,-61.6786,-78.9477
8,1,8x1y,-51.3436,-83.8207,-36.0801,-82.9235
8,1,8x1y,-16.7378,-91.5661,-62.9975,-89.246
8,1,8x1y,-82.7443,-87.2226,-35.6984,-81.0554
8,2,8x2y,-84.5997,-86.8856,-38.428,-17.3308
8,2,8x2y,-80.8364,-88.2953,-37.639,-77.7377
8,2,8x2y,-45.45,-85.2799,-60.8812,-14.4486
8,2,8x2y,-85.6685,-88.0556,-64.0158,-50.7206
8,2,8x2y,-84.3278,-90.6504,-66.1529,-85.6803
8,3,8x3y,-85.249,-88.7126,-69.6798,-81.3844
8,3,8x3y,-79.6462,-89.8648,-65.922,-83.5255
8,3,8x3y,-15.2082,-86.5015,-68.4454,-80.0153
8,3,8x3y,-48.9987,-90.6233,-66.757,-17.7979
8,3,8x3y,-86.7243,-16.9721,-69.917,-80.6761
8,4,8x4y,-18.5217,-83.0141,-72.0228,-82.9948
8,4,8x4y,-81.0295,-17.83,-73.86,-75.624
8,4,8x4y,-88.2948,-15.0909,-69.6418,-77.8554
8,4,8x4y,-86.7668,-78.0291,-74.1218,-44.8438
8,4,8x4y,-81.9623,-88.4768,-68.2551,-47.0081
8,5,8x5y,-80.2919,-80.5745,-42.208,-74.4644
8,5,8x5y,-19.2712,-88.6819,-75.5819,-78.6236
8,5,8x5y,-83.004,-81.9055,-72.5814,-78.3084
8,5,8x5y,-85.6709,-15.1293,-69.5237,-76.1611
8,5,8x5y,-85.3111,-79.8848,-71.9959,-72.7188
8,6,8x6y,-82.6527,-83.9865,-72.1532,-68.6618
8,6,8x6y,-80.0349,-79.8832,-77.0654,-74.5945
8,6,8x6y,-87.0775,-80.5369,-71.5407,-73.1576
8,6,8x6y,-84.7807,-82.6995,-76.7619,-68.6461
8,6,8x6y,-85.5611,-83.3441,-77.8382,-72.6789
8,7,8x7y,-85.6385,-89.7618,-83.2389,-66.5195
8,7,8x7y,-85.3989,-16.1839,-75.9893,-65.1884
8,7,8x7y,-88.0679,-86.0572,-48.5419,-67.5032
8,7,8x7y,-17.8019,-45.7643,-18.0797,-67.8671
8,7,8x7y,-48.4409,-82.2181,-15.2363,-13.578
8,8,8x8y,-90.8997,-18.8724,-85.108,-64.6894
8,8,8x8y,-54.54,-83.5188,-81.0922,-63.8634
8,8,8x8y,-86.1304,-16.7447,-78.676,-11.4933
8,8,8x8y,-88.4701,-82.6863,-49.9375,-66.8649
8,8,8x8y,-20.7845,-80.9942,-76.4558,-63.0108
8,9,8x9y,-89.8178,-78.8376,-78.7484,-60.0222
8,9,8x9y,-87.4404,-78.2036,-79.0663,-11.8362
8,9,8x9y,-87.8197,-74.9754,-82.0896,-59.1005
8,9,8x9y,-17.2022,-85.3903,-88.4636,-58.0874
8,9,8x9y,-86.5071,-78.9809,-84.9444,-11.7192
9,0,9x0y,-80.2957,-17.4435,-47.6369,-83.4818
9,0,9x0y,-80.5481,-87.5602,-30.4222,-79.9492
9,0,9x0y,-80.6969,-91.9409,-48.933,-82.1685
9,0,9x0y,-82.3842,-83.772,-46.3762,-16.7029
9,0,9x0y,-78.2872,-53.6652,-45.5068,-86.8779
9,1,9x1y,-83.8731,-83.5393,-51.6356,-87.1066
9,1,9x1y,-79.2322,-53.5358,-49.6842,-16.3694
9,1,9x1y,-80.9772,-51.6951,-33.7392,-84.1366
9,1,9x1y,-84.6206,-94.5782,-52.2161,-48.7308
9,1,9x1y,-85.5914,-88.5133,-52.0594,-88.2328
9,2,9x2y,-78.5263,-90.5459,-13.257,-77.2906
9,2,9x2y,-81.5207,-89.4668,-10.853,-78.4597
9,2,9x2y,-78.3252,-81.6258,-61.4827,-17.3964
9,2,9x2y,-15.4948,-82.0848,-61.6879,-80.6019
9,2,9x2y,-82.7378,-82.6765,-59.7717,-87.345
9,3,9x3y,-89.2138,-83.0767,-68.1773,-49.9073
9,3,9x3y,-47.6134,-84.5109,-13.7038,-74.6239
9,3,9x3y,-82.8372,-91.4375,-67.5907,-83.4101
9,3,9x3y,-85.6774,-79.6559,-69.0896,-45.9406
9,3,9x3y,-87.409,-89.8001,-63.3715,-72.6546
9,4,9x4y,-79.4245,-88.4754,-66.9407,-76.9027
9,4,9x4y,-51.062,-90.9657,-73.5265,-77.2991
9,4,9x4y,-85.783,-89.0133,-67.0474,-77.6493
9,4,9x4y,-85.7185,-90.3577,-12.1414,-14.7291
9,4,9x4y,-84.8599,-47.6038,-66.6991,-76.723
9,5,9x5y,-81.1376,-83.4601,-15.2751,-71.5909
9,5,9x5y,-81.0751,-83.5658,-73.9541,-41.1826
9,5,9x5y,-83.7118,-89.388,-74.7994,-75.6634
9,5,9x5y,-88.483,-85.2389,-76.0404,-74.9069
9,5,9x5y,-83.7783,-80.5525,-71.569,-72.0238
9,6,9x6y,-87.3617,-16.7566,-80.5846,-69.6787
9,6,9x6y,-79.8258,-81.2189,-79.4139,-73.8627
9,6,9x6y,-84.6062,-88.4131,-47.1732,-71.4976
9,6,9x6y,-80.2585,-82.2773,-78.579,-69.6343
9,6,9x6y,-88.6698,-84.8602,-78.6389,-70.2573
9,7,9x7y,-87.8283,-52.9641,-81.7607,-67.4126
9,7,9x7y,-83.4985,-85.515,-79.9439,-40.2683
9,7,9x7y,-85.111,-84.5474,-79.5161,-66.3733
9,7,9x7y,-86.1426,-77.3785,-77.8228,-66.5299
9,7,9x7y,-92.5802,-16.7223,-78.0283,-68.7038
9,8,9x8y,-91.4037,-51.0693,-79.2332,-60.5325
9,8,9x8y,-53.8358,-86.908,-82.4044,-58.9993
9,8,9x8y,-83.2316,-81.0103,-74.793,-59.6197
9,8,9x8y,-89.9139,-79.2698,-79.3781,-59.8844
9,8,9x8y,-84.7824,-81.5741,-80.0149,-61.7254
9,9,9x9y,-92.3069,-85.5391,-84.0593,-54.9956
9,9,9x9y,-85.0655,-17.2158,-86.3592,-55.7593
9,9,9x9y,-86.8587,-83.5704,-79.2026,-53.4021
9,9,9x9y,-85.787,-51.6731,-78.9799,-54.3454
9,9,9x9y,-91.338,-83.0502,-85.3483,-54.4161
